{
  "nodes": {
    "merged_audio#2": {
      "contentWidth": 450,
      "rfNode": {
        "position": {
          "x": 1107.8316814906032,
          "y": 209.79647983437746
        }
      }
    },
    "+python#1": {
      "contentWidth": 466.669921875,
      "rfNode": {
        "position": {
          "x": 548.3825615320089,
          "y": 86.4491199585944
        }
      }
    },
    "dir_to_path_list#1": {
      "contentWidth": 450,
      "rfNode": {
        "position": {
          "x": 13.957920372650761,
          "y": 86.4491199585944
        }
      }
    },
    "audio_preview#1": {
      "contentWidth": 450,
      "rfNode": {
        "position": {
          "x": 1634.03135677036,
          "y": 124.09488211168772
        }
      }
    }
  }
}