{
  "nodes": {
    "+python#1": {
      "contentWidth": 438.05434824896366,
      "rfNode": {
        "position": {
          "x": 107,
          "y": 127
        }
      },
      "sections": {
        "scriptlet": {
          "cardCollapsed": true
        }
      }
    },
    "speech#1": {
      "contentWidth": 599.6712477760606,
      "rfNode": {
        "position": {
          "x": 932.1076547458963,
          "y": 572.2243070718947
        }
      }
    },
    "read-file#1": {
      "contentWidth": 350,
      "rfNode": {
        "position": {
          "x": 83.47168844670631,
          "y": 627.8512757909828
        }
      }
    },
    "decode-string#1": {
      "contentWidth": 350,
      "rfNode": {
        "position": {
          "x": 477.7280674016199,
          "y": 627.8512757909828
        }
      }
    }
  }
}