{
  "nodes": {
    "convert-to-audio#1": {
      "rfNode": {
        "position": {
          "x": 409.8233942158766,
          "y": 125.26649509265737
        }
      }
    },
    "speech#1": {
      "contentWidth": 413.3075034797966,
      "rfNode": {
        "position": {
          "x": 1474.278335299477,
          "y": 125.26649509265737
        }
      }
    },
    "generate_speech_tasks#1": {
      "contentWidth": 450,
      "rfNode": {
        "position": {
          "x": 931.0052822321566,
          "y": 125.26649509265735
        }
      }
    },
    "+python#1": {
      "contentWidth": 498.66932056100234,
      "rfNode": {
        "position": {
          "x": 931.0052822321566,
          "y": 487.2507382768807
        }
      },
      "sections": {
        "scriptlet": {
          "cardCollapsed": true
        }
      }
    },
    "audio_preview#1": {
      "contentWidth": 450,
      "rfNode": {
        "position": {
          "x": 1970.9837939426898,
          "y": 125.26649509265737
        }
      }
    }
  }
}