{
  "nodes": {
    "convert-to-audio#1": {
      "rfNode": {
        "position": {
          "x": 439.0446146908252,
          "y": 125.26649509265737
        }
      }
    }
  }
}